<?xml version="1.0" encoding="UTF-8"?>
<export version="E">
  <design>
    <source>/Users/laurencebank/Documents/CH32V003_CO2_Sensor/CH32V003_CO2_Sensor.kicad_sch</source>
    <date>Sunday, May 21, 2023 at 09:09:13 PM</date>
    <tool>Eeschema (7.0.0-0)</tool>
    <sheet number="1" name="/" tstamps="/">
      <title_block>
        <title/>
        <company/>
        <rev/>
        <date/>
        <source>CH32V003_CO2_Sensor.kicad_sch</source>
        <comment number="1" value=""/>
        <comment number="2" value=""/>
        <comment number="3" value=""/>
        <comment number="4" value=""/>
        <comment number="5" value=""/>
        <comment number="6" value=""/>
        <comment number="7" value=""/>
        <comment number="8" value=""/>
        <comment number="9" value=""/>
      </title_block>
    </sheet>
  </design>
  <components>
    <comp ref="C2">
      <value>10uF</value>
      <footprint>Capacitor_SMD:C_0603_1608Metric</footprint>
      <libsource lib="Device" part="C" description="Unpolarized capacitor"/>
      <property name="Sheetname" value=""/>
      <property name="Sheetfile" value="CH32V003_CO2_Sensor.kicad_sch"/>
      <property name="ki_description" value="Unpolarized capacitor"/>
      <property name="ki_keywords" value="cap capacitor"/>
      <sheetpath names="/" tstamps="/"/>
      <tstamps>5e196a96-544f-4a71-8735-fac16afcec72</tstamps>
    </comp>
    <comp ref="C3">
      <value>100n</value>
      <footprint>Capacitor_SMD:C_0603_1608Metric</footprint>
      <libsource lib="Device" part="C" description="Unpolarized capacitor"/>
      <property name="Sheetname" value=""/>
      <property name="Sheetfile" value="CH32V003_CO2_Sensor.kicad_sch"/>
      <property name="ki_description" value="Unpolarized capacitor"/>
      <property name="ki_keywords" value="cap capacitor"/>
      <sheetpath names="/" tstamps="/"/>
      <tstamps>b7be5279-749f-48fe-8e82-dffc020e1fce</tstamps>
    </comp>
    <comp ref="C4">
      <value>10uF</value>
      <footprint>Capacitor_SMD:C_0603_1608Metric</footprint>
      <libsource lib="Device" part="C" description="Unpolarized capacitor"/>
      <property name="Sheetname" value=""/>
      <property name="Sheetfile" value="CH32V003_CO2_Sensor.kicad_sch"/>
      <property name="ki_description" value="Unpolarized capacitor"/>
      <property name="ki_keywords" value="cap capacitor"/>
      <sheetpath names="/" tstamps="/"/>
      <tstamps>69d93c65-e833-49a0-9a15-5ef0581c32ee</tstamps>
    </comp>
    <comp ref="CH32V3">
      <value>CH32V003_TSSOP20</value>
      <footprint>Package_SO:TSSOP-20_4.4x6.5mm_P0.65mm</footprint>
      <libsource lib="Larry_Library" part="CH32V003_TSSOP20" description="32-bit RISC-V w/2K RAM, 16K ROM"/>
      <property name="Sheetname" value=""/>
      <property name="Sheetfile" value="CH32V003_CO2_Sensor.kicad_sch"/>
      <property name="ki_description" value="32-bit RISC-V w/2K RAM, 16K ROM"/>
      <property name="ki_keywords" value="RISCV"/>
      <sheetpath names="/" tstamps="/"/>
      <tstamps>273ad1cc-ce7e-4f65-a0be-410c79c7f06c</tstamps>
    </comp>
    <comp ref="D1">
      <value>RED LED</value>
      <footprint>LED_SMD:LED_0603_1608Metric</footprint>
      <libsource lib="Device" part="LED" description="Light emitting diode"/>
      <property name="Sheetname" value=""/>
      <property name="Sheetfile" value="CH32V003_CO2_Sensor.kicad_sch"/>
      <property name="ki_description" value="Light emitting diode"/>
      <property name="ki_keywords" value="LED diode"/>
      <sheetpath names="/" tstamps="/"/>
      <tstamps>5404014d-c6ed-4241-849a-6bec2d156d03</tstamps>
    </comp>
    <comp ref="D2">
      <value>GREEN LED</value>
      <footprint>LED_SMD:LED_0603_1608Metric</footprint>
      <libsource lib="Device" part="LED" description="Light emitting diode"/>
      <property name="Sheetname" value=""/>
      <property name="Sheetfile" value="CH32V003_CO2_Sensor.kicad_sch"/>
      <property name="ki_description" value="Light emitting diode"/>
      <property name="ki_keywords" value="LED diode"/>
      <sheetpath names="/" tstamps="/"/>
      <tstamps>f09e911d-1384-4fbc-b3f9-09386763ee91</tstamps>
    </comp>
    <comp ref="D3">
      <value>LED</value>
      <footprint>LED_SMD:LED_0603_1608Metric</footprint>
      <libsource lib="Device" part="LED" description="Light emitting diode"/>
      <property name="Sheetname" value=""/>
      <property name="Sheetfile" value="CH32V003_CO2_Sensor.kicad_sch"/>
      <property name="ki_description" value="Light emitting diode"/>
      <property name="ki_keywords" value="LED diode"/>
      <sheetpath names="/" tstamps="/"/>
      <tstamps>bcefc703-3b16-4f43-9097-b12c6aa8810f</tstamps>
    </comp>
    <comp ref="D4">
      <value>LED</value>
      <footprint>LED_SMD:LED_0603_1608Metric</footprint>
      <libsource lib="Device" part="LED" description="Light emitting diode"/>
      <property name="Sheetname" value=""/>
      <property name="Sheetfile" value="CH32V003_CO2_Sensor.kicad_sch"/>
      <property name="ki_description" value="Light emitting diode"/>
      <property name="ki_keywords" value="LED diode"/>
      <sheetpath names="/" tstamps="/"/>
      <tstamps>0968e9d4-35de-4155-8368-5b4421e90e07</tstamps>
    </comp>
    <comp ref="LDO1">
      <value>AP2127K-3.3</value>
      <footprint>Package_TO_SOT_SMD:SOT-23-5</footprint>
      <datasheet>https://www.diodes.com/assets/Datasheets/AP2127.pdf</datasheet>
      <libsource lib="Regulator_Linear" part="AP2127K-3.3" description="300mA low dropout linear regulator, shutdown pin, 2.5V-6V input voltage, 3.3V fixed positive output, SOT-23-5"/>
      <property name="Sheetname" value=""/>
      <property name="Sheetfile" value="CH32V003_CO2_Sensor.kicad_sch"/>
      <property name="ki_description" value="300mA low dropout linear regulator, shutdown pin, 2.5V-6V input voltage, 3.3V fixed positive output, SOT-23-5"/>
      <property name="ki_keywords" value="linear regulator ldo fixed positive"/>
      <sheetpath names="/" tstamps="/"/>
      <tstamps>9f3ae0ee-5fd1-4f97-b35f-396fa7c6c937</tstamps>
    </comp>
    <comp ref="LiPo1">
      <value>JST PH2.0</value>
      <footprint>Connector_JST:JST_PH_S2B-PH-SM4-TB_1x02-1MP_P2.00mm_Horizontal</footprint>
      <libsource lib="Connector" part="Conn_01x02_Socket" description="Generic connector, single row, 01x02, script generated"/>
      <property name="Sheetname" value=""/>
      <property name="Sheetfile" value="CH32V003_CO2_Sensor.kicad_sch"/>
      <property name="ki_description" value="Generic connector, single row, 01x02, script generated"/>
      <property name="ki_keywords" value="connector"/>
      <sheetpath names="/" tstamps="/"/>
      <tstamps>b86372e4-d604-430f-bb8f-4e2e302843ba</tstamps>
    </comp>
    <comp ref="OLED1">
      <value>OLED_12864_I2C</value>
      <footprint>Display:SSD1306_128x64_I2C</footprint>
      <libsource lib="Larry_Library" part="OLED_12864_I2C" description="OLED breakout board"/>
      <property name="Sheetname" value=""/>
      <property name="Sheetfile" value="CH32V003_CO2_Sensor.kicad_sch"/>
      <property name="ki_description" value="OLED breakout board"/>
      <property name="ki_keywords" value="OLED"/>
      <sheetpath names="/" tstamps="/"/>
      <tstamps>ec07a95a-bca5-4386-9f88-ac7868bcd939</tstamps>
    </comp>
    <comp ref="PROG1">
      <value>Progammer</value>
      <footprint>Connector_PinHeader_2.54mm:PinHeader_1x03_P2.54mm_Vertical</footprint>
      <libsource lib="Connector" part="Conn_01x03_Male" description="Generic connector, single row, 01x03, script generated (kicad-library-utils/schlib/autogen/connector/)"/>
      <property name="Sheetname" value=""/>
      <property name="Sheetfile" value="CH32V003_CO2_Sensor.kicad_sch"/>
      <property name="ki_description" value="Generic connector, single row, 01x03, script generated (kicad-library-utils/schlib/autogen/connector/)"/>
      <property name="ki_keywords" value="connector"/>
      <sheetpath names="/" tstamps="/"/>
      <tstamps>9cd6b189-af4a-4034-a9ba-6c4b1c75cd6d</tstamps>
    </comp>
    <comp ref="Q1">
      <value>AO3400A</value>
      <footprint>Package_TO_SOT_SMD:SOT-23</footprint>
      <datasheet>http://www.aosmd.com/pdfs/datasheet/AO3400A.pdf</datasheet>
      <libsource lib="Transistor_FET" part="AO3400A" description="30V Vds, 5.7A Id, N-Channel MOSFET, SOT-23"/>
      <property name="Sheetname" value=""/>
      <property name="Sheetfile" value="CH32V003_CO2_Sensor.kicad_sch"/>
      <property name="ki_description" value="30V Vds, 5.7A Id, N-Channel MOSFET, SOT-23"/>
      <property name="ki_keywords" value="N-Channel MOSFET"/>
      <sheetpath names="/" tstamps="/"/>
      <tstamps>9621a027-0f8c-4695-9486-52ea218b9bde</tstamps>
    </comp>
    <comp ref="R1">
      <value>10k</value>
      <footprint>Resistor_SMD:R_0603_1608Metric</footprint>
      <libsource lib="Device" part="R" description="Resistor"/>
      <property name="Sheetname" value=""/>
      <property name="Sheetfile" value="CH32V003_CO2_Sensor.kicad_sch"/>
      <property name="ki_description" value="Resistor"/>
      <property name="ki_keywords" value="R res resistor"/>
      <sheetpath names="/" tstamps="/"/>
      <tstamps>4ae0cb39-bfc6-4252-888a-3f86fa1e02c4</tstamps>
    </comp>
    <comp ref="R2">
      <value>3k</value>
      <footprint>Resistor_SMD:R_0603_1608Metric</footprint>
      <libsource lib="Device" part="R" description="Resistor"/>
      <property name="Sheetname" value=""/>
      <property name="Sheetfile" value="CH32V003_CO2_Sensor.kicad_sch"/>
      <property name="ki_description" value="Resistor"/>
      <property name="ki_keywords" value="R res resistor"/>
      <sheetpath names="/" tstamps="/"/>
      <tstamps>c6243d2e-5d1c-4df1-8f4d-0fa0a4a32933</tstamps>
    </comp>
    <comp ref="R3">
      <value>10k</value>
      <footprint>Resistor_SMD:R_0603_1608Metric</footprint>
      <libsource lib="Device" part="R" description="Resistor"/>
      <property name="Sheetname" value=""/>
      <property name="Sheetfile" value="CH32V003_CO2_Sensor.kicad_sch"/>
      <property name="ki_description" value="Resistor"/>
      <property name="ki_keywords" value="R res resistor"/>
      <sheetpath names="/" tstamps="/"/>
      <tstamps>3e554177-1935-47b0-97e7-81b673bf361b</tstamps>
    </comp>
    <comp ref="R4">
      <value>1k</value>
      <footprint>Resistor_SMD:R_0603_1608Metric</footprint>
      <libsource lib="Device" part="R" description="Resistor"/>
      <property name="Sheetname" value=""/>
      <property name="Sheetfile" value="CH32V003_CO2_Sensor.kicad_sch"/>
      <property name="ki_description" value="Resistor"/>
      <property name="ki_keywords" value="R res resistor"/>
      <sheetpath names="/" tstamps="/"/>
      <tstamps>71fdbbe3-e712-43fa-9f2e-0c4d353de564</tstamps>
    </comp>
    <comp ref="R5">
      <value>1k</value>
      <footprint>Resistor_SMD:R_0603_1608Metric</footprint>
      <libsource lib="Device" part="R" description="Resistor"/>
      <property name="Sheetname" value=""/>
      <property name="Sheetfile" value="CH32V003_CO2_Sensor.kicad_sch"/>
      <property name="ki_description" value="Resistor"/>
      <property name="ki_keywords" value="R res resistor"/>
      <sheetpath names="/" tstamps="/"/>
      <tstamps>a0dbe214-4a33-45c9-b741-a98514d71db4</tstamps>
    </comp>
    <comp ref="R6">
      <value>1k</value>
      <footprint>Resistor_SMD:R_0603_1608Metric</footprint>
      <libsource lib="Device" part="R" description="Resistor"/>
      <property name="Sheetname" value=""/>
      <property name="Sheetfile" value="CH32V003_CO2_Sensor.kicad_sch"/>
      <property name="ki_description" value="Resistor"/>
      <property name="ki_keywords" value="R res resistor"/>
      <sheetpath names="/" tstamps="/"/>
      <tstamps>8a5e5bb6-3ebd-45bf-a403-9fe5ae434e2a</tstamps>
    </comp>
    <comp ref="R7">
      <value>2.2k</value>
      <footprint>Resistor_SMD:R_0603_1608Metric</footprint>
      <libsource lib="Device" part="R" description="Resistor"/>
      <property name="Sheetname" value=""/>
      <property name="Sheetfile" value="CH32V003_CO2_Sensor.kicad_sch"/>
      <property name="ki_description" value="Resistor"/>
      <property name="ki_keywords" value="R res resistor"/>
      <sheetpath names="/" tstamps="/"/>
      <tstamps>7122f3b8-52aa-4e39-8b02-063d7da43768</tstamps>
    </comp>
    <comp ref="R8">
      <value>470K</value>
      <footprint>Resistor_SMD:R_0603_1608Metric</footprint>
      <libsource lib="Device" part="R" description="Resistor"/>
      <property name="Sheetname" value=""/>
      <property name="Sheetfile" value="CH32V003_CO2_Sensor.kicad_sch"/>
      <property name="ki_description" value="Resistor"/>
      <property name="ki_keywords" value="R res resistor"/>
      <sheetpath names="/" tstamps="/"/>
      <tstamps>5d91a41c-c635-4353-9f6c-8c4efa1bf5cf</tstamps>
    </comp>
    <comp ref="R9">
      <value>470K</value>
      <footprint>Resistor_SMD:R_0603_1608Metric</footprint>
      <libsource lib="Device" part="R" description="Resistor"/>
      <property name="Sheetname" value=""/>
      <property name="Sheetfile" value="CH32V003_CO2_Sensor.kicad_sch"/>
      <property name="ki_description" value="Resistor"/>
      <property name="ki_keywords" value="R res resistor"/>
      <sheetpath names="/" tstamps="/"/>
      <tstamps>3266aad4-49dc-4c94-92b5-aef5a4d3acb8</tstamps>
    </comp>
    <comp ref="SCD40">
      <value>SCD41-D-R2</value>
      <footprint>Sensor:Sensirion_SCD4x-1EP_10.1x10.1mm_P1.25mm_EP4.8x4.8mm</footprint>
      <fields>
        <field name="MANUFACTURER">Sensirion</field>
        <field name="MAXIMUM_PACKAGE_HEIGHT">6.8mm</field>
        <field name="PARTREV">1.2</field>
        <field name="SNAPEDA_PN">SCD41-D-R2</field>
        <field name="STANDARD">Manufacturer Recommendations</field>
      </fields>
      <libsource lib="Larry_Library" part="SCD41-D-R2" description=""/>
      <property name="MAXIMUM_PACKAGE_HEIGHT" value="6.8mm"/>
      <property name="MANUFACTURER" value="Sensirion"/>
      <property name="PARTREV" value="1.2"/>
      <property name="SNAPEDA_PN" value="SCD41-D-R2"/>
      <property name="STANDARD" value="Manufacturer Recommendations"/>
      <property name="Sheetname" value=""/>
      <property name="Sheetfile" value="CH32V003_CO2_Sensor.kicad_sch"/>
      <sheetpath names="/" tstamps="/"/>
      <tstamps>acebc37d-7ba6-4359-a64a-e831397b9cff</tstamps>
    </comp>
    <comp ref="SW1">
      <value>SW_SPDT</value>
      <footprint>Button_Switch_SMD:SW_SPDT_PCM12</footprint>
      <libsource lib="Switch" part="SW_SPDT" description="Switch, single pole double throw"/>
      <property name="Sheetname" value=""/>
      <property name="Sheetfile" value="CH32V003_CO2_Sensor.kicad_sch"/>
      <property name="ki_description" value="Switch, single pole double throw"/>
      <property name="ki_keywords" value="switch single-pole double-throw spdt ON-ON"/>
      <sheetpath names="/" tstamps="/"/>
      <tstamps>a20f5a76-5779-4664-8472-4042f18b1b28</tstamps>
    </comp>
    <comp ref="SW2">
      <value>SW_Push</value>
      <footprint>Button_Switch_SMD:SW_SPST_EVQP2</footprint>
      <libsource lib="Switch" part="SW_Push" description="Push button switch, generic, two pins"/>
      <property name="Sheetname" value=""/>
      <property name="Sheetfile" value="CH32V003_CO2_Sensor.kicad_sch"/>
      <property name="ki_description" value="Push button switch, generic, two pins"/>
      <property name="ki_keywords" value="switch normally-open pushbutton push-button"/>
      <sheetpath names="/" tstamps="/"/>
      <tstamps>2d9e33af-1495-4df5-ab7a-f37c86b1db7c</tstamps>
    </comp>
    <comp ref="SW3">
      <value>SW_Push</value>
      <footprint>Button_Switch_SMD:SW_SPST_EVQP2</footprint>
      <libsource lib="Switch" part="SW_Push" description="Push button switch, generic, two pins"/>
      <property name="Sheetname" value=""/>
      <property name="Sheetfile" value="CH32V003_CO2_Sensor.kicad_sch"/>
      <property name="ki_description" value="Push button switch, generic, two pins"/>
      <property name="ki_keywords" value="switch normally-open pushbutton push-button"/>
      <sheetpath names="/" tstamps="/"/>
      <tstamps>f103b706-e6bc-41e2-93ed-bda8744bd8bd</tstamps>
    </comp>
    <comp ref="TP4057">
      <value>~</value>
      <footprint>Package_TO_SOT_SMD:SOT-23-6</footprint>
      <libsource lib="Larry_Library" part="TP4057" description=""/>
      <property name="Sheetname" value=""/>
      <property name="Sheetfile" value="CH32V003_CO2_Sensor.kicad_sch"/>
      <sheetpath names="/" tstamps="/"/>
      <tstamps>085dc974-e151-4fde-b641-3f8c5e46e6ae</tstamps>
    </comp>
    <comp ref="USB1">
      <value>USB_B_Micro</value>
      <footprint>Connector_USB:USB_Micro-B_Molex_47346-0001</footprint>
      <libsource lib="Connector" part="USB_B_Micro" description="USB Micro Type B connector"/>
      <property name="Sheetname" value=""/>
      <property name="Sheetfile" value="CH32V003_CO2_Sensor.kicad_sch"/>
      <property name="ki_description" value="USB Micro Type B connector"/>
      <property name="ki_keywords" value="connector USB micro"/>
      <sheetpath names="/" tstamps="/"/>
      <tstamps>b1cd7b0a-ab2e-4836-be77-ca0ef01fa5c4</tstamps>
    </comp>
    <comp ref="VIB1">
      <value>Mini Vibration Motor</value>
      <footprint>Connector_PinSocket_2.54mm:PinSocket_1x02_P2.54mm_Vertical</footprint>
      <libsource lib="Connector" part="Conn_01x02_Socket" description="Generic connector, single row, 01x02, script generated"/>
      <property name="Sheetname" value=""/>
      <property name="Sheetfile" value="CH32V003_CO2_Sensor.kicad_sch"/>
      <property name="ki_description" value="Generic connector, single row, 01x02, script generated"/>
      <property name="ki_keywords" value="connector"/>
      <sheetpath names="/" tstamps="/"/>
      <tstamps>c5c9e001-66e5-4188-8458-22a1350aaf0c</tstamps>
    </comp>
  </components>
  <libparts>
    <libpart lib="Connector" part="Conn_01x02_Socket">
      <description>Generic connector, single row, 01x02, script generated</description>
      <docs>~</docs>
      <footprints>
        <fp>Connector*:*_1x??_*</fp>
      </footprints>
      <fields>
        <field name="Reference">J</field>
        <field name="Value">Conn_01x02_Socket</field>
        <field name="Datasheet">~</field>
      </fields>
      <pins>
        <pin num="1" name="Pin_1" type="passive"/>
        <pin num="2" name="Pin_2" type="passive"/>
      </pins>
    </libpart>
    <libpart lib="Connector" part="Conn_01x03_Male">
      <description>Generic connector, single row, 01x03, script generated (kicad-library-utils/schlib/autogen/connector/)</description>
      <docs>~</docs>
      <footprints>
        <fp>Connector*:*_1x??_*</fp>
      </footprints>
      <fields>
        <field name="Reference">J</field>
        <field name="Value">Conn_01x03_Male</field>
        <field name="Datasheet">~</field>
      </fields>
      <pins>
        <pin num="1" name="Pin_1" type="passive"/>
        <pin num="2" name="Pin_2" type="passive"/>
        <pin num="3" name="Pin_3" type="passive"/>
      </pins>
    </libpart>
    <libpart lib="Connector" part="USB_B_Micro">
      <description>USB Micro Type B connector</description>
      <docs>~</docs>
      <footprints>
        <fp>USB*</fp>
      </footprints>
      <fields>
        <field name="Reference">J</field>
        <field name="Value">USB_B_Micro</field>
        <field name="Datasheet">~</field>
      </fields>
      <pins>
        <pin num="1" name="VBUS" type="power_out"/>
        <pin num="2" name="D-" type="bidirectional"/>
        <pin num="3" name="D+" type="bidirectional"/>
        <pin num="4" name="ID" type="passive"/>
        <pin num="5" name="GND" type="power_out"/>
        <pin num="6" name="Shield" type="passive"/>
      </pins>
    </libpart>
    <libpart lib="Device" part="C">
      <description>Unpolarized capacitor</description>
      <docs>~</docs>
      <footprints>
        <fp>C_*</fp>
      </footprints>
      <fields>
        <field name="Reference">C</field>
        <field name="Value">C</field>
        <field name="Datasheet">~</field>
      </fields>
      <pins>
        <pin num="1" name="" type="passive"/>
        <pin num="2" name="" type="passive"/>
      </pins>
    </libpart>
    <libpart lib="Device" part="LED">
      <description>Light emitting diode</description>
      <docs>~</docs>
      <footprints>
        <fp>LED*</fp>
        <fp>LED_SMD:*</fp>
        <fp>LED_THT:*</fp>
      </footprints>
      <fields>
        <field name="Reference">D</field>
        <field name="Value">LED</field>
        <field name="Datasheet">~</field>
      </fields>
      <pins>
        <pin num="1" name="K" type="passive"/>
        <pin num="2" name="A" type="passive"/>
      </pins>
    </libpart>
    <libpart lib="Device" part="R">
      <description>Resistor</description>
      <docs>~</docs>
      <footprints>
        <fp>R_*</fp>
      </footprints>
      <fields>
        <field name="Reference">R</field>
        <field name="Value">R</field>
        <field name="Datasheet">~</field>
      </fields>
      <pins>
        <pin num="1" name="" type="passive"/>
        <pin num="2" name="" type="passive"/>
      </pins>
    </libpart>
    <libpart lib="Larry_Library" part="CH32V003_TSSOP20">
      <description>32-bit RISC-V w/2K RAM, 16K ROM</description>
      <fields>
        <field name="Reference">U</field>
        <field name="Value">CH32V003_TSSOP20</field>
        <field name="Footprint">Package_SO:TSSOP-20_4.4x6.5mm_P0.65mm</field>
      </fields>
      <pins>
        <pin num="1" name="PD4" type="bidirectional"/>
        <pin num="2" name="PD5" type="bidirectional"/>
        <pin num="3" name="PD6" type="bidirectional"/>
        <pin num="4" name="PD7" type="bidirectional"/>
        <pin num="5" name="PA1/OSCI" type="bidirectional"/>
        <pin num="6" name="PA2/OSCO" type="bidirectional"/>
        <pin num="7" name="VSS" type="power_in"/>
        <pin num="8" name="PD0/SDA0" type="bidirectional"/>
        <pin num="9" name="VDD" type="power_in"/>
        <pin num="10" name="PC0" type="bidirectional"/>
        <pin num="11" name="PC1/SDA1" type="bidirectional"/>
        <pin num="12" name="PC2/SCL1" type="bidirectional"/>
        <pin num="13" name="PC3" type="bidirectional"/>
        <pin num="14" name="PC4" type="bidirectional"/>
        <pin num="15" name="PC5" type="bidirectional"/>
        <pin num="16" name="PC6" type="bidirectional"/>
        <pin num="17" name="PC7" type="bidirectional"/>
        <pin num="18" name="PD1/SCL0" type="bidirectional"/>
        <pin num="19" name="PD2" type="bidirectional"/>
        <pin num="20" name="PD3" type="bidirectional"/>
      </pins>
    </libpart>
    <libpart lib="Larry_Library" part="OLED_12864_I2C">
      <description>OLED breakout board</description>
      <fields>
        <field name="Reference">U</field>
        <field name="Value">OLED_12864_I2C</field>
        <field name="Footprint">Display:SSD1306_128x64_I2C</field>
      </fields>
      <pins>
        <pin num="1" name="GND" type="power_in"/>
        <pin num="2" name="VCC" type="power_in"/>
        <pin num="3" name="SCL" type="input"/>
        <pin num="4" name="SDA" type="input"/>
      </pins>
    </libpart>
    <libpart lib="Larry_Library" part="SCD41-D-R2">
      <fields>
        <field name="Reference">U</field>
        <field name="Value">SCD41-D-R2</field>
        <field name="Footprint">XDCR_SCD41-D-R2</field>
        <field name="MAXIMUM_PACKAGE_HEIGHT">6.8mm</field>
        <field name="MANUFACTURER">Sensirion</field>
        <field name="PARTREV">1.2</field>
        <field name="SNAPEDA_PN">SCD41-D-R2</field>
        <field name="STANDARD">Manufacturer Recommendations</field>
      </fields>
      <pins>
        <pin num="1" name="DNC" type="no_connect"/>
        <pin num="2" name="DNC" type="no_connect"/>
        <pin num="3" name="DNC" type="no_connect"/>
        <pin num="4" name="DNC" type="no_connect"/>
        <pin num="5" name="DNC" type="no_connect"/>
        <pin num="6" name="GND" type="power_in"/>
        <pin num="7" name="VDD" type="power_in"/>
        <pin num="8" name="DNC" type="no_connect"/>
        <pin num="9" name="SCL" type="input"/>
        <pin num="10" name="SDA" type="bidirectional"/>
        <pin num="11" name="DNC" type="no_connect"/>
        <pin num="12" name="DNC" type="no_connect"/>
        <pin num="13" name="DNC" type="no_connect"/>
        <pin num="14" name="DNC" type="no_connect"/>
        <pin num="15" name="DNC" type="no_connect"/>
        <pin num="16" name="DNC" type="no_connect"/>
        <pin num="17" name="DNC" type="no_connect"/>
        <pin num="18" name="DNC" type="no_connect"/>
        <pin num="19" name="VDDH" type="power_in"/>
        <pin num="20" name="GND" type="power_in"/>
        <pin num="21" name="GND" type="power_in"/>
      </pins>
    </libpart>
    <libpart lib="Larry_Library" part="TP4057">
      <fields>
        <field name="Reference">U</field>
      </fields>
      <pins>
        <pin num="1" name="CHRG" type="output"/>
        <pin num="2" name="GND" type="power_in"/>
        <pin num="3" name="BAT" type="power_out"/>
        <pin num="4" name="VIN" type="power_in"/>
        <pin num="5" name="STDBY" type="output"/>
        <pin num="6" name="PROG" type="input"/>
      </pins>
    </libpart>
    <libpart lib="Regulator_Linear" part="AP2127K-3.3">
      <description>300mA low dropout linear regulator, shutdown pin, 2.5V-6V input voltage, 3.3V fixed positive output, SOT-23-5</description>
      <docs>https://www.diodes.com/assets/Datasheets/AP2127.pdf</docs>
      <footprints>
        <fp>SOT?23?5*</fp>
      </footprints>
      <fields>
        <field name="Reference">U</field>
        <field name="Value">AP2127K-3.3</field>
        <field name="Footprint">Package_TO_SOT_SMD:SOT-23-5</field>
        <field name="Datasheet">https://www.diodes.com/assets/Datasheets/AP2127.pdf</field>
      </fields>
      <pins>
        <pin num="1" name="VIN" type="power_in"/>
        <pin num="2" name="GND" type="power_in"/>
        <pin num="3" name="EN" type="input"/>
        <pin num="4" name="NC" type="no_connect"/>
        <pin num="5" name="VOUT" type="power_out"/>
      </pins>
    </libpart>
    <libpart lib="Switch" part="SW_Push">
      <description>Push button switch, generic, two pins</description>
      <docs>~</docs>
      <fields>
        <field name="Reference">SW</field>
        <field name="Value">SW_Push</field>
        <field name="Datasheet">~</field>
      </fields>
      <pins>
        <pin num="1" name="1" type="passive"/>
        <pin num="2" name="2" type="passive"/>
      </pins>
    </libpart>
    <libpart lib="Switch" part="SW_SPDT">
      <description>Switch, single pole double throw</description>
      <docs>~</docs>
      <fields>
        <field name="Reference">SW</field>
        <field name="Value">SW_SPDT</field>
        <field name="Datasheet">~</field>
      </fields>
      <pins>
        <pin num="1" name="A" type="passive"/>
        <pin num="2" name="B" type="passive"/>
        <pin num="3" name="C" type="passive"/>
      </pins>
    </libpart>
    <libpart lib="Transistor_FET" part="AO3400A">
      <description>30V Vds, 5.7A Id, N-Channel MOSFET, SOT-23</description>
      <docs>http://www.aosmd.com/pdfs/datasheet/AO3400A.pdf</docs>
      <footprints>
        <fp>SOT?23*</fp>
      </footprints>
      <fields>
        <field name="Reference">Q</field>
        <field name="Value">AO3400A</field>
        <field name="Footprint">Package_TO_SOT_SMD:SOT-23</field>
        <field name="Datasheet">http://www.aosmd.com/pdfs/datasheet/AO3400A.pdf</field>
      </fields>
      <pins>
        <pin num="1" name="G" type="input"/>
        <pin num="2" name="S" type="passive"/>
        <pin num="3" name="D" type="passive"/>
      </pins>
    </libpart>
  </libparts>
  <libraries>
    <library logical="Connector">
      <uri>/Applications/KiCad/KiCad.app/Contents/SharedSupport/symbols//Connector.kicad_sym</uri>
    </library>
    <library logical="Device">
      <uri>/Applications/KiCad/KiCad.app/Contents/SharedSupport/symbols//Device.kicad_sym</uri>
    </library>
    <library logical="Larry_Library">
      <uri>/Users/laurencebank/Documents/KiCad/6.0/symbols/Larry_Library.kicad_sym</uri>
    </library>
    <library logical="Regulator_Linear">
      <uri>/Applications/KiCad/KiCad.app/Contents/SharedSupport/symbols//Regulator_Linear.kicad_sym</uri>
    </library>
    <library logical="Switch">
      <uri>/Applications/KiCad/KiCad.app/Contents/SharedSupport/symbols//Switch.kicad_sym</uri>
    </library>
    <library logical="Transistor_FET">
      <uri>/Applications/KiCad/KiCad.app/Contents/SharedSupport/symbols//Transistor_FET.kicad_sym</uri>
    </library>
  </libraries>
  <nets>
    <net code="1" name="+3V3">
      <node ref="C3" pin="1" pintype="passive"/>
      <node ref="CH32V3" pin="9" pinfunction="VDD" pintype="power_in"/>
      <node ref="LDO1" pin="5" pinfunction="VOUT" pintype="power_out"/>
      <node ref="OLED1" pin="2" pinfunction="VCC" pintype="power_in"/>
      <node ref="PROG1" pin="2" pinfunction="Pin_2" pintype="passive"/>
      <node ref="SCD40" pin="19" pinfunction="VDDH" pintype="power_in"/>
      <node ref="SCD40" pin="7" pinfunction="VDD" pintype="power_in"/>
      <node ref="VIB1" pin="1" pinfunction="Pin_1" pintype="passive"/>
    </net>
    <net code="2" name="BATT_DIV">
      <node ref="CH32V3" pin="1" pinfunction="PD4" pintype="bidirectional"/>
      <node ref="R8" pin="2" pintype="passive"/>
      <node ref="R9" pin="1" pintype="passive"/>
    </net>
    <net code="3" name="GND">
      <node ref="C2" pin="2" pintype="passive"/>
      <node ref="C3" pin="2" pintype="passive"/>
      <node ref="C4" pin="2" pintype="passive"/>
      <node ref="CH32V3" pin="7" pinfunction="VSS" pintype="power_in"/>
      <node ref="LDO1" pin="2" pinfunction="GND" pintype="power_in"/>
      <node ref="LiPo1" pin="2" pinfunction="Pin_2" pintype="passive"/>
      <node ref="OLED1" pin="1" pinfunction="GND" pintype="power_in"/>
      <node ref="PROG1" pin="1" pinfunction="Pin_1" pintype="passive"/>
      <node ref="Q1" pin="2" pinfunction="S" pintype="passive"/>
      <node ref="R1" pin="2" pintype="passive"/>
      <node ref="R2" pin="1" pintype="passive"/>
      <node ref="R3" pin="2" pintype="passive"/>
      <node ref="R4" pin="2" pintype="passive"/>
      <node ref="R5" pin="2" pintype="passive"/>
      <node ref="R9" pin="2" pintype="passive"/>
      <node ref="SCD40" pin="20" pinfunction="GND" pintype="power_in"/>
      <node ref="SCD40" pin="21" pinfunction="GND" pintype="power_in"/>
      <node ref="SCD40" pin="6" pinfunction="GND" pintype="power_in"/>
      <node ref="TP4057" pin="2" pinfunction="GND" pintype="power_in"/>
      <node ref="USB1" pin="5" pinfunction="GND" pintype="power_out"/>
      <node ref="USB1" pin="6" pinfunction="Shield" pintype="passive"/>
    </net>
    <net code="4" name="Net-(CH32V3-PC1{slash}SDA1)">
      <node ref="CH32V3" pin="11" pinfunction="PC1/SDA1" pintype="bidirectional"/>
      <node ref="OLED1" pin="4" pinfunction="SDA" pintype="input"/>
      <node ref="SCD40" pin="10" pinfunction="SDA" pintype="bidirectional"/>
    </net>
    <net code="5" name="Net-(CH32V3-PC2{slash}SCL1)">
      <node ref="CH32V3" pin="12" pinfunction="PC2/SCL1" pintype="bidirectional"/>
      <node ref="OLED1" pin="3" pinfunction="SCL" pintype="input"/>
      <node ref="SCD40" pin="9" pinfunction="SCL" pintype="input"/>
    </net>
    <net code="6" name="Net-(CH32V3-PC3)">
      <node ref="CH32V3" pin="13" pinfunction="PC3" pintype="bidirectional"/>
      <node ref="D2" pin="2" pinfunction="A" pintype="passive"/>
    </net>
    <net code="7" name="Net-(CH32V3-PC4)">
      <node ref="CH32V3" pin="14" pinfunction="PC4" pintype="bidirectional"/>
      <node ref="D1" pin="2" pinfunction="A" pintype="passive"/>
    </net>
    <net code="8" name="Net-(CH32V3-PC5)">
      <node ref="CH32V3" pin="15" pinfunction="PC5" pintype="bidirectional"/>
      <node ref="R6" pin="1" pintype="passive"/>
    </net>
    <net code="9" name="Net-(CH32V3-PD1{slash}SCL0)">
      <node ref="CH32V3" pin="18" pinfunction="PD1/SCL0" pintype="bidirectional"/>
      <node ref="PROG1" pin="3" pinfunction="Pin_3" pintype="passive"/>
    </net>
    <net code="10" name="Net-(CH32V3-PD2)">
      <node ref="CH32V3" pin="19" pinfunction="PD2" pintype="bidirectional"/>
      <node ref="SW3" pin="1" pinfunction="1" pintype="passive"/>
    </net>
    <net code="11" name="Net-(CH32V3-PD3)">
      <node ref="CH32V3" pin="20" pinfunction="PD3" pintype="bidirectional"/>
      <node ref="SW2" pin="1" pinfunction="1" pintype="passive"/>
    </net>
    <net code="12" name="Net-(D1-K)">
      <node ref="D1" pin="1" pinfunction="K" pintype="passive"/>
      <node ref="R4" pin="1" pintype="passive"/>
    </net>
    <net code="13" name="Net-(D2-K)">
      <node ref="D2" pin="1" pinfunction="K" pintype="passive"/>
      <node ref="R5" pin="1" pintype="passive"/>
    </net>
    <net code="14" name="Net-(D3-A)">
      <node ref="D3" pin="2" pinfunction="A" pintype="passive"/>
      <node ref="D4" pin="2" pinfunction="A" pintype="passive"/>
      <node ref="R7" pin="2" pintype="passive"/>
    </net>
    <net code="15" name="Net-(D3-K)">
      <node ref="D3" pin="1" pinfunction="K" pintype="passive"/>
      <node ref="TP4057" pin="1" pinfunction="CHRG" pintype="output"/>
    </net>
    <net code="16" name="Net-(D4-K)">
      <node ref="D4" pin="1" pinfunction="K" pintype="passive"/>
      <node ref="TP4057" pin="5" pinfunction="STDBY" pintype="output"/>
    </net>
    <net code="17" name="Net-(LDO1-EN)">
      <node ref="LDO1" pin="1" pinfunction="VIN" pintype="power_in"/>
      <node ref="LDO1" pin="3" pinfunction="EN" pintype="input"/>
      <node ref="R8" pin="1" pintype="passive"/>
      <node ref="SW1" pin="2" pinfunction="B" pintype="passive"/>
    </net>
    <net code="18" name="Net-(LiPo1-Pin_1)">
      <node ref="C4" pin="1" pintype="passive"/>
      <node ref="LiPo1" pin="1" pinfunction="Pin_1" pintype="passive"/>
      <node ref="SW1" pin="1" pinfunction="A" pintype="passive"/>
      <node ref="TP4057" pin="3" pinfunction="BAT" pintype="power_out"/>
    </net>
    <net code="19" name="Net-(Q1-D)">
      <node ref="Q1" pin="3" pinfunction="D" pintype="passive"/>
      <node ref="VIB1" pin="2" pinfunction="Pin_2" pintype="passive"/>
    </net>
    <net code="20" name="Net-(Q1-G)">
      <node ref="Q1" pin="1" pinfunction="G" pintype="input"/>
      <node ref="R6" pin="2" pintype="passive"/>
    </net>
    <net code="21" name="Net-(R1-Pad1)">
      <node ref="R1" pin="1" pintype="passive"/>
      <node ref="SW2" pin="2" pinfunction="2" pintype="passive"/>
    </net>
    <net code="22" name="Net-(R3-Pad1)">
      <node ref="R3" pin="1" pintype="passive"/>
      <node ref="SW3" pin="2" pinfunction="2" pintype="passive"/>
    </net>
    <net code="23" name="Net-(TP4057-PROG)">
      <node ref="R2" pin="2" pintype="passive"/>
      <node ref="TP4057" pin="6" pinfunction="PROG" pintype="input"/>
    </net>
    <net code="24" name="VBUS">
      <node ref="C2" pin="1" pintype="passive"/>
      <node ref="R7" pin="1" pintype="passive"/>
      <node ref="TP4057" pin="4" pinfunction="VIN" pintype="power_in"/>
      <node ref="USB1" pin="1" pinfunction="VBUS" pintype="power_out"/>
    </net>
    <net code="25" name="unconnected-(CH32V3-PA1{slash}OSCI-Pad5)">
      <node ref="CH32V3" pin="5" pinfunction="PA1/OSCI" pintype="bidirectional"/>
    </net>
    <net code="26" name="unconnected-(CH32V3-PA2{slash}OSCO-Pad6)">
      <node ref="CH32V3" pin="6" pinfunction="PA2/OSCO" pintype="bidirectional"/>
    </net>
    <net code="27" name="unconnected-(CH32V3-PC0-Pad10)">
      <node ref="CH32V3" pin="10" pinfunction="PC0" pintype="bidirectional"/>
    </net>
    <net code="28" name="unconnected-(CH32V3-PC6-Pad16)">
      <node ref="CH32V3" pin="16" pinfunction="PC6" pintype="bidirectional"/>
    </net>
    <net code="29" name="unconnected-(CH32V3-PC7-Pad17)">
      <node ref="CH32V3" pin="17" pinfunction="PC7" pintype="bidirectional"/>
    </net>
    <net code="30" name="unconnected-(CH32V3-PD0{slash}SDA0-Pad8)">
      <node ref="CH32V3" pin="8" pinfunction="PD0/SDA0" pintype="bidirectional"/>
    </net>
    <net code="31" name="unconnected-(CH32V3-PD5-Pad2)">
      <node ref="CH32V3" pin="2" pinfunction="PD5" pintype="bidirectional"/>
    </net>
    <net code="32" name="unconnected-(CH32V3-PD6-Pad3)">
      <node ref="CH32V3" pin="3" pinfunction="PD6" pintype="bidirectional"/>
    </net>
    <net code="33" name="unconnected-(CH32V3-PD7-Pad4)">
      <node ref="CH32V3" pin="4" pinfunction="PD7" pintype="bidirectional"/>
    </net>
    <net code="34" name="unconnected-(LDO1-NC-Pad4)">
      <node ref="LDO1" pin="4" pinfunction="NC" pintype="no_connect"/>
    </net>
    <net code="35" name="unconnected-(SCD40-DNC-Pad1)">
      <node ref="SCD40" pin="1" pinfunction="DNC" pintype="no_connect"/>
    </net>
    <net code="36" name="unconnected-(SCD40-DNC-Pad2)">
      <node ref="SCD40" pin="2" pinfunction="DNC" pintype="no_connect"/>
    </net>
    <net code="37" name="unconnected-(SCD40-DNC-Pad3)">
      <node ref="SCD40" pin="3" pinfunction="DNC" pintype="no_connect"/>
    </net>
    <net code="38" name="unconnected-(SCD40-DNC-Pad4)">
      <node ref="SCD40" pin="4" pinfunction="DNC" pintype="no_connect"/>
    </net>
    <net code="39" name="unconnected-(SCD40-DNC-Pad5)">
      <node ref="SCD40" pin="5" pinfunction="DNC" pintype="no_connect"/>
    </net>
    <net code="40" name="unconnected-(SCD40-DNC-Pad8)">
      <node ref="SCD40" pin="8" pinfunction="DNC" pintype="no_connect"/>
    </net>
    <net code="41" name="unconnected-(SCD40-DNC-Pad11)">
      <node ref="SCD40" pin="11" pinfunction="DNC" pintype="no_connect"/>
    </net>
    <net code="42" name="unconnected-(SCD40-DNC-Pad12)">
      <node ref="SCD40" pin="12" pinfunction="DNC" pintype="no_connect"/>
    </net>
    <net code="43" name="unconnected-(SCD40-DNC-Pad13)">
      <node ref="SCD40" pin="13" pinfunction="DNC" pintype="no_connect"/>
    </net>
    <net code="44" name="unconnected-(SCD40-DNC-Pad14)">
      <node ref="SCD40" pin="14" pinfunction="DNC" pintype="no_connect"/>
    </net>
    <net code="45" name="unconnected-(SCD40-DNC-Pad15)">
      <node ref="SCD40" pin="15" pinfunction="DNC" pintype="no_connect"/>
    </net>
    <net code="46" name="unconnected-(SCD40-DNC-Pad16)">
      <node ref="SCD40" pin="16" pinfunction="DNC" pintype="no_connect"/>
    </net>
    <net code="47" name="unconnected-(SCD40-DNC-Pad17)">
      <node ref="SCD40" pin="17" pinfunction="DNC" pintype="no_connect"/>
    </net>
    <net code="48" name="unconnected-(SCD40-DNC-Pad18)">
      <node ref="SCD40" pin="18" pinfunction="DNC" pintype="no_connect"/>
    </net>
    <net code="49" name="unconnected-(SW1-C-Pad3)">
      <node ref="SW1" pin="3" pinfunction="C" pintype="passive+no_connect"/>
    </net>
    <net code="50" name="unconnected-(USB1-D+-Pad3)">
      <node ref="USB1" pin="3" pinfunction="D+" pintype="bidirectional"/>
    </net>
    <net code="51" name="unconnected-(USB1-D--Pad2)">
      <node ref="USB1" pin="2" pinfunction="D-" pintype="bidirectional"/>
    </net>
    <net code="52" name="unconnected-(USB1-ID-Pad4)">
      <node ref="USB1" pin="4" pinfunction="ID" pintype="passive"/>
    </net>
  </nets>
</export>
